"Epitope","Epitope ID - IEDB IRI","Epitope - Object Type","Epitope - Modified Residue(s)","Epitope - Modifications","Epitope - Starting Position","Epitope - Ending Position","Epitope - IRI","Epitope - Synonyms","Epitope - Source Molecule","Epitope - Source Molecule IRI","Epitope - Molecule Parent","Epitope - Molecule Parent IRI","Epitope - Source Organism","Epitope - Source Organism IRI","Epitope - Species","Epitope - Species IRI","Related Object - Epitope Relation","Related Object - Object Type","Related Object - Name","Related Object - Starting Position","Related Object - Ending Position","Related Object - IRI","Related Object - Synonyms","Related Object - Source Molecule","Related Object - Source Molecule IRI","Related Object - Molecule Parent","Related Object - Molecule Parent IRI","Related Object - Source Organism","Related Object - Source Organism IRI","Related Object - Species","Related Object - Species IRI","cuenta_total"
"ADLSLEKAANVQWDE","http://www.iedb.org/epitope/151601","Linear peptide",NA,NA,"1393","1407",NA,NA,"polyprotein precursor","http://www.ncbi.nlm.nih.gov/protein/AAG45435.1","Genome polyprotein","http://www.uniprot.org/uniprot/P17763","dengue virus type 4","http://purl.obolibrary.org/obo/NCBITaxon_11070","Dengue virus","http://purl.obolibrary.org/obo/NCBITaxon_12637",NA,NA,NA,NA,NA,NA,NA,NA,NA,NA,NA,NA,NA,NA,NA,8
"ALTLH","http://www.iedb.org/epitope/436383","Linear peptide",NA,NA,"386","390",NA,NA,"envelope protein","http://www.ncbi.nlm.nih.gov/protein/AAF61130.1","Genome polyprotein","http://www.uniprot.org/uniprot/P17763","dengue virus type 4","http://purl.obolibrary.org/obo/NCBITaxon_11070","Dengue virus","http://purl.obolibrary.org/obo/NCBITaxon_12637",NA,NA,NA,NA,NA,NA,NA,NA,NA,NA,NA,NA,NA,NA,NA,8
"CRRDVVDRGWGNGCGLF","http://www.iedb.org/epitope/1860815","Linear peptide",NA,NA,"371","387",NA,NA,"Genome polyprotein","http://www.ncbi.nlm.nih.gov/protein/P09866.2","Genome polyprotein","http://www.uniprot.org/uniprot/P17763","Dengue virus 4 Dominica/814669/1981","http://purl.obolibrary.org/obo/NCBITaxon_408871","Dengue virus","http://purl.obolibrary.org/obo/NCBITaxon_12637",NA,NA,NA,NA,NA,NA,NA,NA,NA,NA,NA,NA,NA,NA,NA,4
"DKEMAETQHGT","http://www.iedb.org/epitope/1125157","Linear peptide",NA,NA,"9","19",NA,NA,"Envelope protein","https://www.uniprot.org/uniprot/O92952.1","Genome polyprotein","http://www.uniprot.org/uniprot/P17763","dengue virus type 4","http://purl.obolibrary.org/obo/NCBITaxon_11070","Dengue virus","http://purl.obolibrary.org/obo/NCBITaxon_12637",NA,NA,NA,NA,NA,NA,NA,NA,NA,NA,NA,NA,NA,NA,NA,2
"FDSYIVIGVGNSALTLH","http://www.iedb.org/epitope/1860825","Linear peptide",NA,NA,NA,NA,NA,NA,"Genome polyprotein","https://ontology.iedb.org/ontology/ONTIE_0003187","Genome polyprotein","http://www.uniprot.org/uniprot/P17763","Dengue virus 4 Dominica/814669/1981","http://purl.obolibrary.org/obo/NCBITaxon_408871","Dengue virus","http://purl.obolibrary.org/obo/NCBITaxon_12637",NA,NA,NA,NA,NA,NA,NA,NA,NA,NA,NA,NA,NA,NA,NA,1
"FLIDGPDTSECPNERRA","http://www.iedb.org/epitope/16649","Linear peptide",NA,NA,"133","149",NA,NA,"Non-structural protein 1","https://www.uniprot.org/uniprot/Q6TFL5.1","Genome polyprotein","http://www.uniprot.org/uniprot/P17763","dengue virus type 4","http://purl.obolibrary.org/obo/NCBITaxon_11070","Dengue virus","http://purl.obolibrary.org/obo/NCBITaxon_12637",NA,NA,NA,NA,NA,NA,NA,NA,NA,NA,NA,NA,NA,NA,NA,1
"GCVTTMAQGKPTLDFEL","http://www.iedb.org/epitope/1860832","Linear peptide",NA,NA,"308","324",NA,NA,"polyprotein [Dengue virus 4]","http://www.ncbi.nlm.nih.gov/protein/QTX92128.1","Genome polyprotein","http://www.uniprot.org/uniprot/P17763","Dengue virus 4 Dominica/814669/1981","http://purl.obolibrary.org/obo/NCBITaxon_408871","Dengue virus","http://purl.obolibrary.org/obo/NCBITaxon_12637",NA,NA,NA,NA,NA,NA,NA,NA,NA,NA,NA,NA,NA,NA,NA,4
"ILEENMEVEIWTREGEKKKL","http://www.iedb.org/epitope/27016","Linear peptide",NA,NA,"572","591",NA,NA,"NS3 protein","http://www.ncbi.nlm.nih.gov/protein/NP_740321.1","Genome polyprotein","http://www.uniprot.org/uniprot/P17763","dengue virus type 4","http://purl.obolibrary.org/obo/NCBITaxon_11070","Dengue virus","http://purl.obolibrary.org/obo/NCBITaxon_12637",NA,NA,NA,NA,NA,NA,NA,NA,NA,NA,NA,NA,NA,NA,NA,1
"KFQPESPARLASAILNA","http://www.iedb.org/epitope/30831","Linear peptide",NA,NA,"33","49",NA,NA,"Non-structural protein 1","https://www.uniprot.org/uniprot/Q6TFL5.1","Genome polyprotein","http://www.uniprot.org/uniprot/P17763","dengue virus type 4","http://purl.obolibrary.org/obo/NCBITaxon_11070","Dengue virus","http://purl.obolibrary.org/obo/NCBITaxon_12637",NA,NA,NA,NA,NA,NA,NA,NA,NA,NA,NA,NA,NA,NA,NA,1
"LVLWIGTNSRNTSMAM","http://www.iedb.org/epitope/1860850","Linear peptide",NA,NA,"741","756",NA,NA,"polyprotein [Dengue virus 4]","http://www.ncbi.nlm.nih.gov/protein/QTX92128.1","Genome polyprotein","http://www.uniprot.org/uniprot/P17763","Dengue virus 4 Dominica/814669/1981","http://purl.obolibrary.org/obo/NCBITaxon_408871","Dengue virus","http://purl.obolibrary.org/obo/NCBITaxon_12637",NA,NA,NA,NA,NA,NA,NA,NA,NA,NA,NA,NA,NA,NA,NA,1
"MKFREGSSEVC","http://www.iedb.org/epitope/41821","Linear peptide",NA,NA,"169","179",NA,NA,"Non-structural protein 1","https://www.uniprot.org/uniprot/Q6TFL5.1","Genome polyprotein","http://www.uniprot.org/uniprot/P17763","dengue virus type 4","http://purl.obolibrary.org/obo/NCBITaxon_11070","Dengue virus","http://purl.obolibrary.org/obo/NCBITaxon_12637",NA,NA,NA,NA,NA,NA,NA,NA,NA,NA,NA,NA,NA,NA,NA,1
"PWHLGKLEIDFGECPGTTVTIQEDCDHRGPSLRTTTASGKLVTQWC","http://www.iedb.org/epitope/145953","Linear peptide",NA,NA,"1041","1086",NA,NA,"Genome polyprotein","http://www.ncbi.nlm.nih.gov/protein/Q58HT7.1","Genome polyprotein","http://www.uniprot.org/uniprot/P17763","Dengue virus 4 Philippines/H241/1956","http://purl.obolibrary.org/obo/NCBITaxon_408686","Dengue virus","http://purl.obolibrary.org/obo/NCBITaxon_12637",NA,NA,NA,NA,NA,NA,NA,NA,NA,NA,NA,NA,NA,NA,NA,2
"RCPTQGE","http://www.iedb.org/epitope/2224366","Linear peptide",NA,NA,"352","358",NA,NA,"Genome polyprotein","http://www.ncbi.nlm.nih.gov/protein/Q58HT7.1","Genome polyprotein","http://www.uniprot.org/uniprot/P17763","Dengue virus 4 Philippines/H241/1956","http://purl.obolibrary.org/obo/NCBITaxon_408686","Dengue virus","http://purl.obolibrary.org/obo/NCBITaxon_12637",NA,NA,NA,NA,NA,NA,NA,NA,NA,NA,NA,NA,NA,NA,NA,17
"RTTTASGKLVT","http://www.iedb.org/epitope/179894","Linear peptide",NA,NA,"1073","1083",NA,NA,"Genome polyprotein","http://www.ncbi.nlm.nih.gov/protein/Q58HT7.1","Genome polyprotein","http://www.uniprot.org/uniprot/P17763","Dengue virus 4 Philippines/H241/1956","http://purl.obolibrary.org/obo/NCBITaxon_408686","Dengue virus","http://purl.obolibrary.org/obo/NCBITaxon_12637",NA,NA,NA,NA,NA,NA,NA,NA,NA,NA,NA,NA,NA,NA,NA,10
"SECPNERRAWNFLEVEDYGFGMFTTNIW","http://www.iedb.org/epitope/145998","Linear peptide",NA,NA,"915","942",NA,NA,"Genome polyprotein","http://www.ncbi.nlm.nih.gov/protein/Q58HT7.1","Genome polyprotein","http://www.uniprot.org/uniprot/P17763","Dengue virus 4 Philippines/H241/1956","http://purl.obolibrary.org/obo/NCBITaxon_408686","Dengue virus","http://purl.obolibrary.org/obo/NCBITaxon_12637",NA,NA,NA,NA,NA,NA,NA,NA,NA,NA,NA,NA,NA,NA,NA,2
"SGDPLKND","http://www.iedb.org/epitope/956701","Linear peptide",NA,NA,"1949","1956",NA,NA,"polyprotein","http://www.ncbi.nlm.nih.gov/protein/AKQ00035.1","Genome polyprotein","http://www.uniprot.org/uniprot/P17763","dengue virus type 4","http://purl.obolibrary.org/obo/NCBITaxon_11070","Dengue virus","http://purl.obolibrary.org/obo/NCBITaxon_12637",NA,NA,NA,NA,NA,NA,NA,NA,NA,NA,NA,NA,NA,NA,NA,8
"SISNITTATRCPTQQGEPY","http://www.iedb.org/epitope/1860878","Linear peptide",NA,NA,NA,NA,NA,NA,"Genome polyprotein","https://ontology.iedb.org/ontology/ONTIE_0003187","Genome polyprotein","http://www.uniprot.org/uniprot/P17763","Dengue virus 4 Dominica/814669/1981","http://purl.obolibrary.org/obo/NCBITaxon_408871","Dengue virus","http://purl.obolibrary.org/obo/NCBITaxon_12637",NA,NA,NA,NA,NA,NA,NA,NA,NA,NA,NA,NA,NA,NA,NA,4
"TRCPTQGEPYLKEEQDQQY","http://www.iedb.org/epitope/1860887","Linear peptide",NA,NA,"351","369",NA,NA,"polyprotein [Dengue virus 4]","http://www.ncbi.nlm.nih.gov/protein/QTX92128.1","Genome polyprotein","http://www.uniprot.org/uniprot/P17763","Dengue virus 4 Dominica/814669/1981","http://purl.obolibrary.org/obo/NCBITaxon_408871","Dengue virus","http://purl.obolibrary.org/obo/NCBITaxon_12637",NA,NA,NA,NA,NA,NA,NA,NA,NA,NA,NA,NA,NA,NA,NA,4
"WDFGSVGGLFTSLGKAVH","http://www.iedb.org/epitope/1860895","Linear peptide",NA,NA,"699","716",NA,NA,"Genome polyprotein","http://www.ncbi.nlm.nih.gov/protein/P09866.2","Genome polyprotein","http://www.uniprot.org/uniprot/P17763","Dengue virus 4 Dominica/814669/1981","http://purl.obolibrary.org/obo/NCBITaxon_408871","Dengue virus","http://purl.obolibrary.org/obo/NCBITaxon_12637",NA,NA,NA,NA,NA,NA,NA,NA,NA,NA,NA,NA,NA,NA,NA,4
"WYGMEIRPLSEKEENMV","http://www.iedb.org/epitope/73272","Linear peptide",NA,NA,"330","346",NA,NA,"Non-structural protein 1","https://www.uniprot.org/uniprot/Q6TFL5.1","Genome polyprotein","http://www.uniprot.org/uniprot/P17763","dengue virus type 4","http://purl.obolibrary.org/obo/NCBITaxon_11070","Dengue virus","http://purl.obolibrary.org/obo/NCBITaxon_12637",NA,NA,NA,NA,NA,NA,NA,NA,NA,NA,NA,NA,NA,NA,NA,1
