"Epitope","cuenta_total","Epitope...Source.Organism"
"AEPDDVDCWCNATDTWV",1,"dengue virus type 1"
"AWEEGVCGIRSATRLENI",1,"dengue virus type 1"
"CGNRGPSLRTTTVTG",9,"dengue virus type 1"
"CIEAKISNTTTDSRCPT",3,"Dengue virus 1 Singapore/S275/1990"
"CIEAKISNTTTDSRCPTQGEATLVEEQDTNFVCRRTFV",1,"dengue virus type 1"
"CVTTMAKDKPTLDIELL",3,"Dengue virus 1 Singapore/S275/1990"
"DANFVCRRTFVDRGWG",4,"Dengue virus 1 Singapore/S275/1990"
"DDQRAWNIWEVEDYGFGI",1,"dengue virus type 1"
"DSGCVINWKGRELKC",4,"dengue virus type 1"
"DSGCVVNWKGRELKCGSGIFVTNEVHTWTEQYKFQADSPK",2,"Dengue virus 1 Mochizuki"
"EGTTVVVDEHCGNRGPSL",1,"dengue virus type 1"
"EIQLTDYGALTLDCSPRT",2,"dengue virus type 1"
"ELCEDTMTYKCPRITEA",1,"dengue virus type 1"
"EVTNPAVLRKLCIEAKIS",1,"dengue virus type 1"
"FGTAYGVLFSGVSWTMKI",1,"dengue virus type 1"
"FKLEKEVAE",4,"Dengue virus 1 Nauru/West Pac/1974"
"FSGVSWTMKIGIGILLTW",1,"dengue virus type 1"
"GIFTTNIWLKLRDSYTQV",1,"dengue virus type 1"
"GPNTPECPDDQRAWNIWE",1,"dengue virus type 1"
"HKYSWK",3,"dengue virus type 1"
"HKYSWKSWGKAKIIG",31,"dengue virus type 1"
"IGILLTWLGLNSRSTSL",4,"Dengue virus 1 Singapore/S275/1990"
"IRSATRLENIMWKQISNE",1,"dengue virus type 1"
"ISNELNHILLENDMK",3,"dengue virus type 1"
"ISNTTTDSRCPTQGEATL",1,"dengue virus type 1"
"IVQYENLKYSVIVTVHTG",1,"dengue virus type 1"
"KEENLVKSLVSAGSG",3,"dengue virus type 1"
"KFQADSPKRLSAAIGKAW",1,"dengue virus type 1"
"KGRELKCGSGIFVTNEVH",1,"dengue virus type 1"
"KGSSIGKMFEATARGAR",4,"Dengue virus 1 Singapore/S275/1990"
"KKMIRPQPMEHKYSWKSWGKAKIIGADIQN",3,"dengue virus type 1"
"KMFEATARGARRMAILGD",1,"dengue virus type 1"
"KSWLVHKQWFLDLPLPWT",1,"dengue virus type 1"
"LAQGKKMIRPQPMEHKYS",1,"dengue virus type 1"
"LEKEVAETQHGTVLVQI",2,"Dengue virus 1 Singapore/S275/1990"
"LELDFDLCEGTTVVVDEH",1,"dengue virus type 1"
"MVLLTMKEKSWLVHKQWF",1,"dengue virus type 1"
"NELNHILLENDMKFTVVV",1,"dengue virus type 1"
"NFVCRRTFVDRGWGNG",4,"Dengue virus 1 Singapore/S275/1990"
"NIMWKQISNELNHILLEN",1,"dengue virus type 1"
"PECPDDQRAWNIWEVEDYGFGIFTTNIW",4,"Dengue virus 1 Mochizuki"
"PPFGDSYIVIGAGEKAL",3,"Dengue virus 1 Singapore/S275/1990"
"PWHLGKLELDFD",5,"dengue virus type 1"
"QETWNRQDLLVTFKTAHA",1,"dengue virus type 1"
"QNTTFIIDGPNTPECPDD",1,"dengue virus type 1"
"QRVETWALRHPGFTVIAL",1,"dengue virus type 1"
"RCPTQGE",17,"Dengue virus type 1 Hawaii"
"RGARRMAIL",1,"dengue virus type 1"
"RKLCIEAKISNTTTDSRC",1,"dengue virus type 1"
"RLSAAIGKAWEEGVCGIR",1,"dengue virus type 1"
"RPQPMEHKYSWKSWGKAK",1,"dengue virus type 1"
"RTGLDFNEMVLLTMKEKS",1,"dengue virus type 1"
"SAAIKDSKAVHADMGYWI",1,"dengue virus type 1"
"SIGGVFTSVGKLVHQI",3,"Dengue virus 1 Singapore/S275/1990"
"SIGGVFTSVGKLVHQVF",3,"Dengue virus 1 Singapore/S275/1990"
"SKAVHADMGYWIESE",31,"dengue virus type 1"
"SRCPTQGEATLVEEQDA",4,"Dengue virus 1 Singapore/S275/1990"
"STQTAGPWHLGKLEL",19,"dengue virus type 1"
"TAWDFGSIGGVFTSVGK",4,"Dengue virus 1 Singapore/S275/1990"
"TEHGTTATITPQAPTSEI",1,"dengue virus type 1"
"TQNGRLITANPIVTD",5,"dengue virus type 1"
"TWADFGSIGGVFTSVGK",4,"Dengue virus 1 Singapore/S275/1990"
"VGKLVHQIFGTAYGVLFS",1,"dengue virus type 1"
"VTNEVHTWTEQYKFQ",20,"dengue virus type 1"
"VTNEVHTWTEQYKFQADSPK",1,"dengue virus type 1"
"WEVEDYGFGIFTTNIWLK",1,"dengue virus type 1"
"WFLDLPLPWTSGASTSQE",1,"dengue virus type 1"
"WPKSHTLWSNGVLESEMI",1,"dengue virus type 1"
"YIVIGAGEKALKLSWF",3,"Dengue virus 1 Singapore/S275/1990"
"YIVVGAGEKALKQCWFK",3,"Dengue virus 1 Singapore/S275/1990"
"ADTQGS",1,"Dengue virus 2 Jamaica/1409/1983"
"AECPNTNRAWNSLEV",5,"dengue virus type 2"
"AECPNTNRAWNSLEVEDYGFGVFTTNIW",4,"Dengue virus 2 16681-PDK53"
"AELTGY",1,"Dengue virus 2 Jamaica/1409/1983"
"AELTGYGTVT",4,"Dengue virus 2 Jamaica/1409/1983"
"AIKDNRAVHA",1,"dengue virus type 2"
"AIYGAA",1,"Dengue virus 2 Jamaica/1409/1983"
"AIYGAAFSGVSWTMKILI",10,"dengue virus type 2"
"AKMLSTELH",1,"Dengue virus 2 Puerto Rico/PR159-S1/1969"
"AKMLSTESHNQTFLI",1,"dengue virus type 2"
"AKNKPTLDFELIKTEAKQPAT",8,"dengue virus type 2"
"AKQPATLR",5,"Dengue virus 2 Jamaica/1409/1983"
"ALHQVF",1,"Dengue virus 2 Jamaica/1409/1983"
"ALHQVFGAIYGAAFSGVS",3,"dengue virus type 2"
"ALHQVFGAIYGAAFSGVSWT",4,"Dengue virus 2 Jamaica/1409/1983"
"ALTGAT",1,"Dengue virus 2 Jamaica/1409/1983"
"AMFTCK",1,"Dengue virus 2 Jamaica/1409/1983"
"ATEIQMSSGNLLFTGHLK",3,"dengue virus type 2"
"ATLRKY",1,"Dengue virus 2 Jamaica/1409/1983"
"ATLRKYCI",4,"Dengue virus 2 Jamaica/1409/1983"
"AVHADMGYWIESALNDT",5,"dengue virus type 2"
"AVLHTA",1,"Dengue virus 2 Jamaica/1409/1983"
"AWDFGS",1,"Dengue virus 2 Jamaica/1409/1983"
"AWLVHR",1,"Dengue virus 2 Jamaica/1409/1983"
"AWLVHRQWFLDLPLPW",4,"Dengue virus 2 Jamaica/1409/1983"
"CAMFTC",1,"Dengue virus 2 Jamaica/1409/1983"
"CEDTITYKCPLLRQNEPEDIDCW",2,"dengue virus type 2"
"CGLFGK",1,"Dengue virus 2 Jamaica/1409/1983"
"CIEAKLTNTTTESRCPTQGEPSLNEEQDKRFLCKHSMVDRGWGNGCGLFGKGGIVTCAMFTCKKNMEGKVVLPENL",1,"dengue virus type 2"
"CIEAKLTNTTTESRCPTQGEPSLNEEQDKRFLCKHSMVDRGWGNGCGLFGKGGIVTCAMFTCKKNMEGKVVLPENLEYTIVITPHSGEEHAVGNDTGKHGKEIKITPQSSITEAELTGYGTVTMECSPRTGLDFNEMVLLQMEDKA",1,"dengue virus type 2"
"CKHSMV",1,"Dengue virus 2 Jamaica/1409/1983"
"CKIPFEIMDLEKRHVLGRL",5,"dengue virus type 2"
"CKKNME",1,"Dengue virus 2 Jamaica/1409/1983"
"CKKNMEGKVVLPENLEYTIV",5,"dengue virus type 2"
"CPFLKQNEPEDIDCW",7,"dengue virus type 2"
"CRLRMD",1,"Dengue virus 2 Jamaica/1409/1983"
"CSPRTG",1,"Dengue virus 2 Jamaica/1409/1983"
"CTGKFKIVKEIAETQHGTIVIRVQYEGDGSPC",8,"dengue virus type 2"
"DFELIK",1,"Dengue virus 2 Jamaica/1409/1983"
"DFNEMV",1,"Dengue virus 2 Jamaica/1409/1983"
"DFVEGV",1,"Dengue virus 2 Jamaica/1409/1983"
"DGTTVVVTEDCGNRG",1,"dengue virus type 2"
"DKAWLV",1,"Dengue virus 2 Jamaica/1409/1983"
"DKRFLC",1,"Dengue virus 2 Jamaica/1409/1983"
"DKRFLCKHSMVDRG",1,"Dengue virus 2 Jamaica/1409/1983"
"DLPLPW",1,"Dengue virus 2 Jamaica/1409/1983"
"DNRAVHADMGYWI",1,"dengue virus type 2"
"DRGWGN",1,"Dengue virus 2 Jamaica/1409/1983"
"DRGWGNGC",2,"Dengue virus 2 Jamaica/1409/1983"
"DSGCVVSWK",2,"Dengue virus 2 Puerto Rico/PR159-S1/1969"
"DSGCVVSWKNKELKC",10,"dengue virus type 2"
"DSGCVVSWKNKELKCGSGIFITDNVHTWTEQYKFQPESPS",2,"Dengue virus 2 16681-PDK53"
"DSYIII",1,"Dengue virus 2 Jamaica/1409/1983"
"DTAWDF",1,"Dengue virus 2 Jamaica/1409/1983"
"DTGKHG",1,"Dengue virus 2 Jamaica/1409/1983"
"DTQGSN",1,"Dengue virus 2 Jamaica/1409/1983"
"DTQGSNWIQKETLVNFKN",5,"dengue virus type 2"
"DTQGSNWIQKETLVTFKNPHAKKQD",11,"dengue virus type 2"
"DVVVLG",1,"Dengue virus 2 Jamaica/1409/1983"
"EADPPFG",3,"dengue virus type 2"
"EAELTGYG",1,"Dengue virus 2 Jamaica/1409/1983"
"EAEPPFG",3,"dengue virus type 2"
"ECSPRT",1,"Dengue virus 2 Jamaica/1409/1983"
"EDKAWL",1,"Dengue virus 2 Jamaica/1409/1983"
"EDYGFGVFTTNIWLKLREKQ",1,"dengue virus type 2"
"EEGICGIRSVTRLEN",2,"dengue virus type 2"
"EGKVVL",1,"Dengue virus 2 Jamaica/1409/1983"
"EHAVGN",1,"Dengue virus 2 Jamaica/1409/1983"
"EIKITP",1,"Dengue virus 2 Jamaica/1409/1983"
"EIKITPQSSITEAFLTGY",4,"Dengue virus 2 New Guinea C"
"EIMDLDNRHV",1,"Dengue virus 2 Malaysia M2"
"ELHNQTFLIDGPETAEC",6,"dengue virus type 2"
"ELRYSWKTWGKAKMLSTELH",7,"Dengue virus 2 Puerto Rico/PR159-S1/1969"
"EMVLLQ",1,"Dengue virus 2 Jamaica/1409/1983"
"EPG",1,"Dengue virus 2 Thailand/NGS-C/1944"
"EPGQLKLNWFKKGSS",2,"Dengue virus 2 Thailand/NGS-C/1944"
"EPSLNE",1,"Dengue virus 2 Jamaica/1409/1983"
"EPSLNEEQDKRFLCKHSMVDR",3,"dengue virus type 2"
"ETLVTF",1,"Dengue virus 2 Jamaica/1409/1983"
"ETLVTFKN",3,"Dengue virus 2 Jamaica/1409/1983"
"ETQHGT",1,"Dengue virus 2 Jamaica/1409/1983"
"EYTIVI",1,"Dengue virus 2 Jamaica/1409/1983"
"FETTMR",1,"Dengue virus 2 Jamaica/1409/1983"
"FGAIYG",1,"Dengue virus 2 Jamaica/1409/1983"
"FGDSYI",1,"Dengue virus 2 Jamaica/1409/1983"
"FGDSYIIIGVEPGQLKL",3,"Dengue virus 2 New Guinea C"
"FGKGGI",1,"Dengue virus 2 Jamaica/1409/1983"
"FGSLGG",1,"Dengue virus 2 Jamaica/1409/1983"
"FHLTTRGGEPHMIVSK",4,"Dengue virus 2 New Guinea C"
"FHLTTRNGEPHMIVSR",1,"dengue virus type 2"
"FKNPHA",1,"Dengue virus 2 Jamaica/1409/1983"
"FKNPHAKKQDVVVLGSQEGAMHT",2,"dengue virus type 2"
"FLCKHSMVDRGWGNGCGLFGKGGIVTCAMFT",1,"dengue virus type 2"
"FLDLPL",1,"Dengue virus 2 Jamaica/1409/1983"
"FLEKTKKDFGL",6,"dengue virus type 2"
"FLRFLTIPPT",1,"Dengue virus 2 Thailand/NGS-C/1944"
"FSGVSW",1,"Dengue virus 2 Jamaica/1409/1983"
"FSGVSWTM",1,"Dengue virus 2 Jamaica/1409/1983"
"GAIYGA",1,"Dengue virus 2 Jamaica/1409/1983"
"GATEIQ",1,"Dengue virus 2 Jamaica/1409/1983"
"GCGLFG",1,"Dengue virus 2 Jamaica/1409/1983"
"GCVVSWKNK",2,"Dengue virus 2 Puerto Rico/PR159-S1/1969"
"GDIKGIMQAGKRSLR",2,"dengue virus type 2"
"GDSYII",1,"Dengue virus 2 Jamaica/1409/1983"
"GDTAWD",1,"Dengue virus 2 Jamaica/1409/1983"
"GGIVTC",1,"Dengue virus 2 Jamaica/1409/1983"
"GGVFTS",1,"Dengue virus 2 Jamaica/1409/1983"
"GILKRWGTIKKSKAINVL",2,"dengue virus type 2"
"GIVTCA",1,"Dengue virus 2 Jamaica/1409/1983"
"GKGGIV",1,"Dengue virus 2 Jamaica/1409/1983"
"GKHGKEIKIT",2,"dengue virus type 2"
"GKHGKEVKIT",1,"dengue virus type 2"
"GKLEMDFDFCDGTTV",2,"dengue virus type 2"
"GKLITEW",4,"dengue virus type 2"
"GKVVLP",1,"Dengue virus 2 Jamaica/1409/1983"
"GKVVLPEN",1,"Dengue virus 2 Jamaica/1409/1983"
"GKVVLPENLEYTIVITPH",9,"dengue virus type 2"
"GLDFNE",1,"Dengue virus 2 Jamaica/1409/1983"
"GLETRTETWMSSEGAWKQ",4,"Dengue virus 2 New Guinea C"
"GLFGKG",1,"Dengue virus 2 Jamaica/1409/1983"
"GLFGKGGIVTCAMFT",3,"dengue virus type 2"
"GLFGKGGIVTCAMFTC",7,"dengue virus type 2"
"GLFGKGGIVTCAMFTCKK",11,"dengue virus type 2"
"GLLVISGLFPVSIPITAA",4,"dengue virus type 2"
"GNGCGL",1,"Dengue virus 2 Jamaica/1409/1983"
"GNLLFT",1,"Dengue virus 2 Jamaica/1409/1983"
"GNLLFTGH",1,"Dengue virus 2 Jamaica/1409/1983"
"GPVSQHNNR",1,"Dengue virus 2 Puerto Rico/PR159-S1/1969"
"GRGPLKLFMALVAFLRFL",2,"dengue virus type 2"
"GRLITV",1,"Dengue virus 2 Jamaica/1409/1983"
"GRLITVNP",1,"Dengue virus 2 Jamaica/1409/1983"
"GRLITVNPIVT",8,"dengue virus type 2"
"GRLTTVNPIVT",8,"dengue virus type 2"
"GSNWIQ",1,"Dengue virus 2 Jamaica/1409/1983"
"GSPCKIPFEIMDLEKRHV",3,"dengue virus type 2"
"GTIVIR",1,"Dengue virus 2 Jamaica/1409/1983"
"GTIVIRVQYEG",4,"Dengue virus 2 Jamaica/1409/1983"
"GVEPGQ",1,"Dengue virus 2 Jamaica/1409/1983"
"GVFTSI",1,"Dengue virus 2 Jamaica/1409/1983"
"GVFTTNIWLKLKEKQ",1,"dengue virus type 2"
"GVIITW",1,"Dengue virus 2 Jamaica/1409/1983"
"GVSGGS",1,"Dengue virus 2 Jamaica/1409/1983"
"GVSWTM",1,"Dengue virus 2 Jamaica/1409/1983"
"GVVTLY",1,"Dengue virus 2 Jamaica/1409/1983"
"GWGNGC",1,"Dengue virus 2 Jamaica/1409/1983"
"GYGTVT",1,"Dengue virus 2 Jamaica/1409/1983"
"HGTIVI",1,"Dengue virus 2 Jamaica/1409/1983"
"HQVFGA",1,"Dengue virus 2 Jamaica/1409/1983"
"HQVFGAIYGAAFSGVS",6,"dengue virus type 2"
"HRQWFL",1,"Dengue virus 2 Jamaica/1409/1983"
"HSMVDR",1,"Dengue virus 2 Jamaica/1409/1983"
"HTQITGPWHLGKLEM",2,"dengue virus type 2"
"HVLGRL",1,"Dengue virus 2 Jamaica/1409/1983"
"HWVPTSRTTWSIHAK",6,"dengue virus type 2"
"IAETQHGTI",1,"dengue virus type 2"
"IGETLGEKWKSRLNA",6,"dengue virus type 2"
"IGISNR",1,"Dengue virus 2 Jamaica/1409/1983"
"IGISNRDFV",4,"Dengue virus 2 Jamaica/1409/1983"
"IGQMFE",1,"Dengue virus 2 Jamaica/1409/1983"
"IGQMFETTMR",2,"Dengue virus 2 Jamaica/1409/1983"
"IGQMFETTMRGAKRMAILGDTAWDFGSLGGVFTSIGKA",3,"dengue virus type 2"
"IGVIIT",1,"Dengue virus 2 Jamaica/1409/1983"
"IIIGVE",1,"Dengue virus 2 Jamaica/1409/1983"
"IITWIG",1,"Dengue virus 2 Jamaica/1409/1983"
"IITWIGMNSRSTSLSVSL",4,"Dengue virus 2 New Guinea C"
"IKKSKAINVLRGFRKEI",3,"dengue virus type 2"
"IMKNPTV",14,"dengue virus type 2"
"IQMSSGNLLFTGHLKCRLRMDKLQLKGMS",1,"Dengue virus 2 Jamaica/1409/1983"
"IRVQYE",1,"Dengue virus 2 Jamaica/1409/1983"
"ISNRDF",1,"Dengue virus 2 Jamaica/1409/1983"
"ITDNVHTWTEQYKFQ",6,"dengue virus type 2"
"ITPELNHILSENEVK",5,"dengue virus type 2"
"ITVNPIVTEKDSPVNIE",13,"dengue virus type 2"
"ITWIGM",1,"Dengue virus 2 Jamaica/1409/1983"
"ITYNCPLLRQNEPEDI",1,"dengue virus type 2"
"IVIRVQ",1,"Dengue virus 2 Jamaica/1409/1983"
"IVSRQEKGKS",14,"dengue virus type 2"
"IVSRQEKGKSLLFKTE",1,"dengue virus type 2"
"IVTCAM",1,"Dengue virus 2 Jamaica/1409/1983"
"IVTCAMF",3,"Dengue virus 2 Jamaica/1409/1983"
"IYGAAF",1,"Dengue virus 2 Jamaica/1409/1983"
"KAWLVH",1,"Dengue virus 2 Jamaica/1409/1983"
"KAWLVHRQWFLDLPLPWL",3,"dengue virus type 2"
"KDSPVNIEAEPPFGDSYIIIGVEPGQLK",3,"dengue virus type 2"
"KEIAETQHGT",2,"Dengue virus 2 Jamaica/1409/1983"
"KEIGRMLNILNRRRRTA",4,"dengue virus type 2"
"KELKCGSGIFITDNV",2,"dengue virus type 2"
"KGGIVT",1,"Dengue virus 2 Jamaica/1409/1983"
"KGKSLLFKTENGVNMC",11,"dengue virus type 2"
"KGMSYSMCTGKFK",1,"Dengue virus 2 Jamaica/1409/1983"
"KGMSYSMCTGKFKIVKEI",3,"dengue virus type 2"
"KHSMVDRGWGNGC",8,"dengue virus type 2"
"KIEKASFIEVKNCHW",2,"dengue virus type 2"
"KILIGV",1,"Dengue virus 2 Jamaica/1409/1983"
"KILIGVIITWIGM",4,"Dengue virus 2 Jamaica/1409/1983"
"KILIGVIITWIGMNSRST",2,"dengue virus type 2"
"KKGSSIGKM",1,"dengue virus type 2"
"KKGSSIGQM",2,"Dengue virus 2 Puerto Rico/PR159-S1/1969"
"KKGSSIGQMIETTMRGAK",4,"Dengue virus 2 New Guinea C"
"KKNMEG",1,"Dengue virus 2 Jamaica/1409/1983"
"KLASAIQKAHEEGIC",2,"dengue virus type 2"
"KLKEKQDVFCDSKL",1,"dengue virus type 2"
"KLNWFKKGSSIGQ",7,"dengue virus type 2"
"KNCHWPKSHTLWSNGVLESEMIIPKNLAGPVSQHNYRPGYHTQITG",5,"dengue virus type 2"
"KNPHAK",1,"Dengue virus 2 Jamaica/1409/1983"
"KQNEPEDI",3,"Dengue virus 2 strain 43"
"KRERNRVSTVQQLTKRF",1,"dengue virus type 2"
"KRFVCKHSMVDRGWGNGCGL",4,"Dengue virus 2 New Guinea C"
"KRHVLG",1,"Dengue virus 2 Jamaica/1409/1983"
"KRSLRPQPTELKYSW",2,"dengue virus type 2"
"KRSLRPQPTELKYSWKTWGKAKMLSTESHN",5,"dengue virus type 2"
"KTWG",9,"dengue virus type 2"
"KVVLPE",1,"Dengue virus 2 Jamaica/1409/1983"
"LCKHSM",1,"Dengue virus 2 Jamaica/1409/1983"
"LDFELI",3,"Dengue virus 2 Jamaica/1409/1983"
"LDLPLP",1,"Dengue virus 2 Jamaica/1409/1983"
"LENLMWKQI",1,"Dengue virus 2 Puerto Rico/PR159-S1/1969"
"LETRTETWMSSEGAWKHAQRIE",2,"dengue virus type 2"
"LEYTIV",1,"Dengue virus 2 Jamaica/1409/1983"
"LFGKGG",1,"Dengue virus 2 Jamaica/1409/1983"
"LFTGHL",1,"Dengue virus 2 Jamaica/1409/1983"
"LFTGHLKCRLRMDKLQLKGM",1,"dengue virus type 2"
"LGDTAW",1,"Dengue virus 2 Jamaica/1409/1983"
"LGGVFT",1,"Dengue virus 2 Jamaica/1409/1983"
"LGRLIT",1,"Dengue virus 2 Jamaica/1409/1983"
"LGSQEG",1,"Dengue virus 2 Jamaica/1409/1983"
"LGSQEGAMHTALTGATEI",3,"dengue virus type 2"
"LHQVFG",1,"Dengue virus 2 Jamaica/1409/1983"
"LIGVII",1,"Dengue virus 2 Jamaica/1409/1983"
"LITVNP",1,"Dengue virus 2 Jamaica/1409/1983"
"LITVNPI",1,"dengue virus type 2"
"LITVNPIVT",2,"Dengue virus 2 Puerto Rico/PR159-S1/1969"
"LKCRLR",1,"Dengue virus 2 Jamaica/1409/1983"
"LKLNWF",1,"Dengue virus 2 Jamaica/1409/1983"
"LKYSWKTWGKAKMLS",2,"dengue virus type 2"
"LLFTGH",1,"Dengue virus 2 Jamaica/1409/1983"
"LLQMED",1,"Dengue virus 2 Jamaica/1409/1983"
"LLRQNEPEDIDCWCNS",1,"dengue virus type 2"
"LNEEQD",1,"Dengue virus 2 Jamaica/1409/1983"
"LPGADT",1,"Dengue virus 2 Jamaica/1409/1983"
"LPLPWL",1,"Dengue virus 2 Jamaica/1409/1983"
"LPLPWLPG",4,"Dengue virus 2 Jamaica/1409/1983"
"LPWLPG",1,"Dengue virus 2 Jamaica/1409/1983"
"LPWLPGADTQGSNWIQKE",3,"dengue virus type 2"
"LRKYCI",1,"Dengue virus 2 Jamaica/1409/1983"
"LRYRGEDGCWYGMEI",4,"dengue virus type 2"
"LRYSWKTWG",3,"Dengue virus 2 Puerto Rico/PR159-S1/1969"
"LRYSWKTWGKA + NAc(L1)",2,"Dengue virus 2 Puerto Rico/PR159-S1/1969"
"LRYSWKTWGKAKMLSTEL",1,"Dengue virus 2 Puerto Rico/PR159-S1/1969"
"LSVSLV",1,"Dengue virus 2 Jamaica/1409/1983"
"LTGYGT",1,"Dengue virus 2 Jamaica/1409/1983"
"LTLNLITEMG",1,"Dengue virus 2 Jamaica/1409/1983"
"LTTRNGEPHMIVMRQEKGKSLLFKTGDGV",3,"dengue virus type 2"
"LVGVVT",1,"Dengue virus 2 Jamaica/1409/1983"
"LVHRQW",1,"Dengue virus 2 Jamaica/1409/1983"
"LVLVGV",1,"Dengue virus 2 Jamaica/1409/1983"
"LVTFKN",1,"Dengue virus 2 Jamaica/1409/1983"
"LWSNGVLESEMIIPK",2,"dengue virus type 2"
"LYLGAM",1,"Dengue virus 2 Jamaica/1409/1983"
"MAILGD",1,"Dengue virus 2 Jamaica/1409/1983"
"MAKNKP",1,"Dengue virus 2 Jamaica/1409/1983"
"MALVAFLRFLTIPPTAGI",1,"dengue virus type 2"
"MECSPR",1,"Dengue virus 2 Jamaica/1409/1983"
"MEDKAW",1,"Dengue virus 2 Jamaica/1409/1983"
"MEGKVV",1,"Dengue virus 2 Jamaica/1409/1983"
"MFTCKK",1,"Dengue virus 2 Jamaica/1409/1983"
"MHTALTGATEIQMSSGNL",8,"dengue virus type 2"
"MIIPKNLAGPVSQHN",5,"dengue virus type 2"
"MRCIGISNRDFVEGVSGG",3,"dengue virus type 2"
"MRCIGISNRDFVEGVSGGSWVDIVLEHGSC",10,"dengue virus type 2"
"MSSGNL",1,"Dengue virus 2 Jamaica/1409/1983"
"MTQKAR",1,"Dengue virus 2 Jamaica/1409/1983"
"MVDRGW",1,"Dengue virus 2 Jamaica/1409/1983"
"MVDRGWG",28,"dengue virus type 2"
"MVDRGWGNGCGL",4,"Dengue virus 2 Jamaica/1409/1983"
"MVLLQM",5,"Dengue virus 2 Jamaica/1409/1983"
"NDTGKH",1,"Dengue virus 2 Jamaica/1409/1983"
"NEMVLL",1,"Dengue virus 2 Jamaica/1409/1983"
"NGCGLF",1,"Dengue virus 2 Jamaica/1409/1983"
"NGCGLFGK",1,"Dengue virus 2 Jamaica/1409/1983"
"NILNRRRRTAGMIIMLI",1,"dengue virus type 2"
"NKPTLDFELI",1,"dengue virus type 2"
"NLEYTI",1,"Dengue virus 2 Jamaica/1409/1983"
"NLEYTIVITP",4,"Dengue virus 2 Jamaica/1409/1983"
"NLEYTIVITPHSGEEHAV",3,"dengue virus type 2"
"NLLFTG",1,"Dengue virus 2 Jamaica/1409/1983"
"NMEGKV",1,"Dengue virus 2 Jamaica/1409/1983"
"NNQRKKAKNTPFNMLKRERN",3,"dengue virus type 2"
"NNQRKKARNTPFNMLKR",4,"dengue virus type 2"
"NQRKKARN",2,"Dengue virus 2 Thailand/NGS-C/1944"
"NRDFVE",1,"Dengue virus 2 Jamaica/1409/1983"
"NRDFVEGVSGGSWVDIVL",7,"dengue virus type 2"
"NSRSTS",1,"Dengue virus 2 Jamaica/1409/1983"
"NSTSTWVTYGTCTTTGEHRREKRSV",3,"dengue virus type 2"
"NTTTESRCPT",1,"dengue virus type 2"
"NVLRGFRKEIGRMLNIL",4,"dengue virus type 2"
"PEDIDCWCNSTSTWVT",1,"dengue virus type 2"
"PESPSKLASA",1,"dengue virus type 2"
"PFGDSY",1,"Dengue virus 2 Jamaica/1409/1983"
"PFGDSYIIIGVE",4,"Dengue virus 2 Jamaica/1409/1983"
"PFGDSYIIIGVEPGQLKL",4,"dengue virus type 2"
"PGFTVMAAIL",12,"dengue virus type 2"
"PLPWLP",1,"Dengue virus 2 Jamaica/1409/1983"
"PLPWLPGA",4,"Dengue virus 2 Jamaica/1409/1983"
"PRTGLD",1,"Dengue virus 2 Jamaica/1409/1983"
"PSLRTTTASGKLITEWCCRSCTLPPLRYRG",5,"dengue virus type 2"
"PVSQHNYRPGYHT",7,"dengue virus type 2"
"PWHLGKLEM",3,"dengue virus type 2"
"PWHLGKLEMDFDFCEGTTVVVTEDCGNRGPSLRTTTASGKLITEWC",2,"Dengue virus 2 16681-PDK53"
"PWLPGA",1,"Dengue virus 2 Jamaica/1409/1983"
"QDVVVL",1,"Dengue virus 2 Jamaica/1409/1983"
"QDVVVLGS",3,"Dengue virus 2 Jamaica/1409/1983"
"QGSNWI",1,"Dengue virus 2 Jamaica/1409/1983"
"QLKLDWFKKGSS",2,"dengue virus type 2"
"QLKLNW",1,"Dengue virus 2 Jamaica/1409/1983"
"QLKLNWF",4,"Dengue virus 2 Jamaica/1409/1983"
"QLKLNWFKKGSS",6,"Dengue virus 2 Thailand/NGS-C/1944"
"QPTELRYSW",4,"Dengue virus 2 Puerto Rico/PR159-S1/1969"
"QTFLIDGPETAECPN",1,"dengue virus type 2"
"QVFGAI",1,"Dengue virus 2 Jamaica/1409/1983"
"QWFLDL",1,"Dengue virus 2 Jamaica/1409/1983"
"QYKFQPESPSKLASA",2,"dengue virus type 2"
"RCPTQGE",17,"Dengue virus 2 Thailand/16681/84"
"RCPTQGEPSLNEEQDKRF",4,"Dengue virus 2 New Guinea C"
"RDFVEG",1,"Dengue virus 2 Jamaica/1409/1983"
"RDKRSVALAPHVGLGLETRT",1,"Dengue virus 2 New Guinea C"
"RGAKRM",1,"Dengue virus 2 Jamaica/1409/1983"
"RGEARK",19,"dengue virus type 2"
"RGFRKEI",2,"Dengue virus 2 Thailand/NGS-C/1944"
"RGWGNG",1,"Dengue virus 2 Jamaica/1409/1983"
"RHVLGR",1,"Dengue virus 2 Jamaica/1409/1983"
"RHVLGRLITVNP",4,"Dengue virus 2 Jamaica/1409/1983"
"RHVLGRLITVNPIVT",2,"Dengue virus 2 Thailand/NGS-C/1944"
"RITEAEPDDVDCWCNATDTW",1,"Dengue virus 2 New Guinea C"
"RKYCIE",1,"Dengue virus 2 Jamaica/1409/1983"
"RLITVN",1,"Dengue virus 2 Jamaica/1409/1983"
"RMAILG",1,"Dengue virus 2 Jamaica/1409/1983"
"RMLNILN",2,"Dengue virus 2 Thailand/NGS-C/1944"
"RNTPFNMLKRERNRVSTV",2,"dengue virus type 2"
"RPQPTELRY",4,"Dengue virus 2 Puerto Rico/PR159-S1/1969"
"RQNEPEDIDCWCNSTSTWVTYGTCTTTGEHRREKRS",3,"dengue virus type 2"
"RQWFLD",1,"Dengue virus 2 Jamaica/1409/1983"
"RSTSLS",1,"Dengue virus 2 Jamaica/1409/1983"
"RTAGMIIMLIPTVMA",1,"dengue virus type 2"
"RTGLDF",1,"Dengue virus 2 Jamaica/1409/1983"
"RTGLDFN",3,"Dengue virus 2 Jamaica/1409/1983"
"RTTTASGKL",2,"Dengue virus 2 Puerto Rico/PR159-S1/1969"
"RTTTASGKLIT + NAc(R1)",2,"Dengue virus 2 Puerto Rico/PR159-S1/1969"
"RVGRNPKNEN",7,"dengue virus type 2"
"RVQYEG",1,"Dengue virus 2 Jamaica/1409/1983"
"RVQYEGDGSPCKIPFEIM",3,"dengue virus type 2"
"SCVTTMAKNKPTLDFELI",3,"Dengue virus 2 New Guinea C"
"SGGSWV",1,"Dengue virus 2 Jamaica/1409/1983"
"SGNLLF",1,"Dengue virus 2 Jamaica/1409/1983"
"SGNLLFTGHL",4,"Dengue virus 2 Jamaica/1409/1983"
"SGNLLFTGHLKCRLRMDK",6,"dengue virus type 2"
"SGNLLFTGHLKCRLRMDKLQLKGMSYSMCTG",2,"dengue virus type 2"
"SGVSWT",1,"Dengue virus 2 Jamaica/1409/1983"
"SGVSWTMKILIGVIITWI",3,"dengue virus type 2"
"SKLMSAAIKDNRAVH",2,"dengue virus type 2"
"SLGGVF",1,"Dengue virus 2 Jamaica/1409/1983"
"SLNEEQ",1,"Dengue virus 2 Jamaica/1409/1983"
"SLSVSL",1,"Dengue virus 2 Jamaica/1409/1983"
"SLVLVG",1,"Dengue virus 2 Jamaica/1409/1983"
"SLVLVGVVTLYLGAMVQA",4,"dengue virus type 2"
"SMVDRG",1,"Dengue virus 2 Jamaica/1409/1983"
"SNRDFV",1,"Dengue virus 2 Jamaica/1409/1983"
"SPRTGL",1,"Dengue virus 2 Jamaica/1409/1983"
"SRCPTQGEPSLNEEQDKRFLCKHSMVDRGWGNGC",3,"dengue virus type 2"
"SRSTSL",1,"Dengue virus 2 Jamaica/1409/1983"
"SRSTSLSVSLVLVGVVTL",4,"dengue virus type 2"
"SRSTSLSVSLVLVGVVTLYLGAMV",4,"Dengue virus 2 Jamaica/1409/1983"
"SSGNLLFTGH",1,"dengue virus type 2"
"STSLSV",1,"Dengue virus 2 Jamaica/1409/1983"
"SVSLVL",1,"Dengue virus 2 Jamaica/1409/1983"
"SWVDIV",1,"Dengue virus 2 Jamaica/1409/1983"
"SYIIIG",1,"Dengue virus 2 Jamaica/1409/1983"
"SYSMCTGKFKIVKEIAETQHGTIVIRVQYEGDGSPCKIPFEIMDLEKRHVLGRLITVNPIVTEKDSPVNIEAEPPFGDSYIIIGVEPG",1,"dengue virus type 2"
"SYSMCTGKFKIVKEIAETQHGTIVIRVQYEGDGSPCKIPFEIMDLEKRHVLGRLITVNPIVTEKDSPVNIEAEPPFGDSYIIIGVEPGQLKLNWFKKGSS",2,"dengue virus type 2"
"SYSMCTGKFKVV",9,"dengue virus type 2"
"TAWDFG",1,"Dengue virus 2 Jamaica/1409/1983"
"TAWDFGSLGGVFTSIG",4,"Dengue virus 2 Jamaica/1409/1983"
"TCAMFT",1,"Dengue virus 2 Jamaica/1409/1983"
"TCKKNM",1,"Dengue virus 2 Jamaica/1409/1983"
"TEAKQPATLR",2,"Dengue virus 2 Puerto Rico/PR159-S1/1969"
"TELKYSWKT",1,"dengue virus type 2"
"TELRYSWKT",12,"Dengue virus 2 Puerto Rico/PR159-S1/1969"
"TELRYSWKTWGKAKM",1,"Dengue virus 2 Puerto Rico/PR159-S1/1969"
"TFKNPH",1,"Dengue virus 2 Jamaica/1409/1983"
"TGATEI",1,"Dengue virus 2 Jamaica/1409/1983"
"TGLDFN",1,"Dengue virus 2 Jamaica/1409/1983"
"TGYGTV",1,"Dengue virus 2 Jamaica/1409/1983"
"TGYGTVTMECSPRTGLDFNE",1,"Dengue virus 2 Jamaica/1409/1983"
"TIVIRV",1,"Dengue virus 2 Jamaica/1409/1983"
"TIVIRVQYE",1,"dengue virus type 2"
"TIVITP",1,"Dengue virus 2 Jamaica/1409/1983"
"TLRKYC",1,"Dengue virus 2 Jamaica/1409/1983"
"TLVTFK",1,"Dengue virus 2 Jamaica/1409/1983"
"TLYLGA",1,"Dengue virus 2 Jamaica/1409/1983"
"TPHSGEEHAVGNDTGKHGKEIKITPQSSITE",5,"dengue virus type 2"
"TQGSNW",1,"Dengue virus 2 Jamaica/1409/1983"
"TQGSNWIQ",4,"Dengue virus 2 Jamaica/1409/1983"
"TRLENLMWK",11,"dengue virus type 2"
"TRLENLMWK + NAc(T1)",3,"Dengue virus 2 Puerto Rico/PR159-S1/1969"
"TRLENLMWKQITPEL",6,"dengue virus type 2"
"TSLSVS",1,"Dengue virus 2 Jamaica/1409/1983"
"TTASGKLIT",15,"dengue virus type 2"
"TTASGKLITEWCCRS",3,"dengue virus type 2"
"TTESRC",1,"Dengue virus 2 Jamaica/1409/1983"
"TWIGMN",1,"Dengue virus 2 Jamaica/1409/1983"
"TWKIEKASF",3,"dengue virus type 2"
"VCKHSMVDRGWG",6,"dengue virus type 2"
"VDIVLE",1,"Dengue virus 2 Jamaica/1409/1983"
"VDRGWG",1,"Dengue virus 2 Jamaica/1409/1983"
"VDRGWGNGC",1,"dengue virus type 2"
"VEPG",2,"Dengue virus 2 Thailand/16681/84"
"VFGAIY",1,"Dengue virus 2 Jamaica/1409/1983"
"VFTSIG",1,"Dengue virus 2 Jamaica/1409/1983"
"VFTSIGKALHQVFGAIYG",3,"dengue virus type 2"
"VGVVTL",1,"Dengue virus 2 Jamaica/1409/1983"
"VHRQWF",1,"Dengue virus 2 Jamaica/1409/1983"
"VHRQWFLDLPLP",1,"dengue virus type 2"
"VHTWTEQYK",9,"dengue virus type 2"
"VHTWTEQYK + NAc(V1)",3,"Dengue virus 2 Puerto Rico/PR159-S1/1969"
"VHTWTEQYKFQPES",3,"dengue virus type 2"
"VIITWI",1,"Dengue virus 2 Jamaica/1409/1983"
"VIRVQY",1,"Dengue virus 2 Jamaica/1409/1983"
"VKEIAETQHG",9,"dengue virus type 2"
"VKEIAETQHGTIVIRVQY",12,"dengue virus type 2"
"VKSCHWPKSHTLW",8,"dengue virus type 2"
"VLGRLI",1,"Dengue virus 2 Jamaica/1409/1983"
"VLGSQE",1,"Dengue virus 2 Jamaica/1409/1983"
"VLLQME",1,"Dengue virus 2 Jamaica/1409/1983"
"VLLQMEEKAWLVHRQWFL",11,"dengue virus type 2"
"VLVGVV",1,"Dengue virus 2 Jamaica/1409/1983"
"VNIEAEPPFGDSYIIIGV",4,"dengue virus type 2"
"VNMCTLMAMDLGELCE",1,"dengue virus type 2"
"VQYEGDGSPCKI",9,"dengue virus type 2"
"VSGGSW",1,"Dengue virus 2 Jamaica/1409/1983"
"VSGGSWVDIVLE",4,"Dengue virus 2 Jamaica/1409/1983"
"VSGGSWVDIVLEHGSCVT",3,"dengue virus type 2"
"VSLVLV",1,"Dengue virus 2 Jamaica/1409/1983"
"VSLVLVGVVTLYLGAMVQ",4,"dengue virus type 2"
"VSQHNYRPGYHTQIT",5,"dengue virus type 2"
"VSRQE",25,"dengue virus type 2"
"VSTVQQLTKR",1,"Dengue virus 2 Thailand/NGS-C/1944"
"VTCAMF",1,"Dengue virus 2 Jamaica/1409/1983"
"VTEKDSPVNIEAEPPFGD",3,"dengue virus type 2"
"VTLYLG",1,"Dengue virus 2 Jamaica/1409/1983"
"VVLGSQ",1,"Dengue virus 2 Jamaica/1409/1983"
"VVSWKNKEL",3,"Dengue virus 2 Puerto Rico/PR159-S1/1969"
"VVSWKNKELKC",3,"dengue virus type 2"
"VVTLYL",1,"Dengue virus 2 Jamaica/1409/1983"
"VVVLGS",1,"Dengue virus 2 Jamaica/1409/1983"
"WALRHPGFTIALFLAHA",1,"Dengue virus 2 New Guinea C"
"WCCRSCTLPPLRYRG",1,"dengue virus type 2"
"WCCRSCTLPPLRYRGEDGCW",2,"dengue virus type 2"
"WDFGSL",1,"Dengue virus 2 Jamaica/1409/1983"
"WFLDLP",1,"Dengue virus 2 Jamaica/1409/1983"
"WGNGCG",1,"Dengue virus 2 Jamaica/1409/1983"
"WGNGCGLFG",1,"Dengue virus 2 Puerto Rico/PR159-S1/1969"
"WIESALNDTWKIEKA",1,"dengue virus type 2"
"WIGMNS",1,"Dengue virus 2 Jamaica/1409/1983"
"WKTWGKAKM",1,"Dengue virus 2 Puerto Rico/PR159-S1/1969"
"WLPGAD",1,"Dengue virus 2 Jamaica/1409/1983"
"WLVHRQ",1,"Dengue virus 2 Jamaica/1409/1983"
"WTMKIL",1,"Dengue virus 2 Jamaica/1409/1983"
"WVDIVL",1,"Dengue virus 2 Jamaica/1409/1983"
"YCIEAKLTNTTTASRCPTQG",1,"Dengue virus 2 Jamaica/1409/1983"
"YCIEAKLTNTTTESRCPTQG",1,"Dengue virus 2 Jamaica/1409/1983"
"YGAAFS",1,"Dengue virus 2 Jamaica/1409/1983"
"YGMEIRPLK",3,"dengue virus type 2"
"YGMEIRPLKEKEENL",1,"dengue virus type 2"
"YIIIGV",1,"Dengue virus 2 Jamaica/1409/1983"
"YLGAMV",1,"Dengue virus 2 Jamaica/1409/1983"
"YNHALS",1,"Dengue virus 2 Jamaica/1409/1983"
"YSMCTG",3,"Dengue virus 2 Jamaica/1409/1983"
"YSWKTWG",15,"dengue virus type 2"
"YSWKTWGKA",15,"Dengue virus 2 Puerto Rico/PR159-S1/1969"
"YTIVIT",1,"Dengue virus 2 Jamaica/1409/1983"
"AGPISQHNHRPGYHTQTA",2,"dengue virus type 3"
"AMCTNTFVLKKEVS",2,"dengue virus type 3"
"ANPVVTKKEEPVNIEA",2,"dengue virus type 3"
"CGIRSTTRMENLLWKQIA",2,"dengue virus type 3"
"CNLTSTWVTYGTCNQAG",1,"dengue virus type 3"
"DMGCVINWKGKELKCGSG",2,"dengue virus type 3"
"DMGCVINWKGKELKCGSGIFVTNEVHTWTEQYKFQADSPK",2,"Dengue virus 3 Philippines/H87/1956"
"DSRCPTQGEAVLPEE",2,"dengue virus type 3"
"EPIEGKVVQYENLKYTVI",2,"dengue virus type 3"
"FSTEDGQGKAHN",2,"dengue virus type 3"
"GATEIQNSGGTSIFAGH",2,"dengue virus type 3"
"GCVTTMAKNKPTLDIEL",2,"dengue virus type 3"
"GDIIGVLEQGKRTLTPQPMELK",2,"dengue virus type 3"
"GDQHQVGNETQGVTA",2,"dengue virus type 3"
"GDQHQVGNETQGVTAEIT",2,"dengue virus type 3"
"GEMCDDTVTYKCPHITE",2,"dengue virus type 3"
"GKAKIVTAETQNSSFIID",2,"dengue virus type 3"
"GKNERGKSLLFKTASGIN",2,"dengue virus type 3"
"GLNTFTNMEAQLIRQMEG",3,"dengue virus type 3"
"GNETQGVTAEITPQASTT",2,"dengue virus type 3"
"GPNTPECPSASRAWNVWE",2,"dengue virus type 3"
"GQGKAHNGRLITANP",8,"dengue virus type 3"
"HITEVEPEDIDCWCNLT",2,"dengue virus type 3"
"IEGKITNITTDS",2,"dengue virus type 3"
"IFVTNEVHTWTEQYKFQA",2,"dengue virus type 3"
"IGIGVLLTWIGLNSK",1,"dengue virus type 3"
"ISEKEENMVKSLVSAG",2,"dengue virus type 3"
"ITVHTGDQHQVGNET",2,"dengue virus type 3"
"KALKINWYKKGSSIGKMF",3,"dengue virus type 3"
"KKGSSIGKMFEATARGAR",6,"dengue virus type 3"
"KMDKLELKG",1,"dengue virus type 3"
"KRTLTPQPMELKYSWKTWGKAKIVTAETQN",3,"dengue virus type 3"
"KYTVIITVHTGDQHQ",2,"dengue virus type 3"
"LDFNYCEGTTVVITENCG",2,"dengue virus type 3"
"LFKTASGINMCTLIAMDL",2,"dengue virus type 3"
"LGKLELDFNYCE",2,"dengue virus type 3"
"LLTMKNKAWMVHRQW",3,"dengue virus type 3"
"LVTCAKFQCLEPIEGKVV",2,"dengue virus type 3"
"LWSNGVLESDMIIPKSLAGPISQHN",2,"dengue virus type 3"
"MCTLIAMDLGEMCDDTVT",2,"dengue virus type 3"
"NEMILLTMKNKAWMVHRQ",1,"dengue virus type 3"
"NKPTLDIELQKTEATQLA",2,"dengue virus type 3"
"PECPSASRAWNVWEVEDYGFGVFTTNIW",4,"Dengue virus 3 Philippines/H87/1956"
"PEVVVLGSQEGAMHT",3,"dengue virus type 3"
"PLRYMGEDGCWYGMEIRP",2,"dengue virus type 3"
"PWHLGKLELDFNYCEGTTVVITESCGTRGPSLRTTTVSGKLIHEWC",2,"Dengue virus 3 Philippines/H87/1956"
"QGVTAEITPQASTTE",2,"dengue virus type 3"
"QIANELNYILWENNIK",2,"dengue virus type 3"
"QYENLKYTVIITVHT",2,"dengue virus type 3"
"RCPTQGE",17,"Dengue virus 3 Philippines/H87/1956"
"RCPTQGEAVLPEEQDQNY",2,"dengue virus type 3"
"RDGEPRMIVGKNERGKSL",2,"dengue virus type 3"
"RPGYHTQTAGPWHLGKLE",2,"dengue virus type 3"
"RVEYRGEDAP",1,"dengue virus type 3"
"SCTLPPLRYMGE",2,"dengue virus type 3"
"SDMIIPKSLAGPISQHNH",2,"dengue virus type 3"
"SPRTGLDFNEMIL",2,"dengue virus type 3"
"SRCPTQGEAILPEEQDQNH",4,"dengue virus type 3"
"TAEITPQASTTEAILPEY",2,"dengue virus type 3"
"TFKNAHAKKQEVVVLGSQ",2,"dengue virus type 3"
"TILIKVEYKGEDAPCKIP",2,"dengue virus type 3"
"TQGEAVLPEEQDPNY",2,"dengue virus type 3"
"TQLATLRKLCIEGKI",3,"dengue virus type 3"
"TRGPSLRTTTVSGKLIHE",2,"dengue virus type 3"
"TSTWVTYGTCNQAG",2,"dengue virus type 3"
"TVSGKLIHEWCCRSCTLP",2,"dengue virus type 3"
"TVVITENCGTRGPSLRTT",2,"dengue virus type 3"
"TWNRKELLVTF",2,"dengue virus type 3"
"VCKHTYVDRGWGNGCGLF",2,"dengue virus type 3"
"VDRGWGNGCGLFGKGSLV",4,"dengue virus type 3"
"VEDYGFGVFTTNIWLKLREVYT",2,"dengue virus type 3"
"VGMGLDTRTQTWMSAEGAW",2,"dengue virus type 3"
"VGNETQGVTAEITPQ",2,"dengue virus type 3"
"VLNSLGKMVHQIFGSAY",2,"dengue virus type 3"
"VTNEVHTWTEQYKFQADSPK",1,"dengue virus type 3"
"WDFGSVGGVLNSLGKMVH",4,"dengue virus type 3"
"WFFDLPLPWTSGATTETP",1,"dengue virus type 3"
"YENLKYTVIITVHTGDQH",2,"dengue virus type 3"
"YKCPHITEVEPEDIDCW",2,"dengue virus type 3"
"YTALFSGVSWVMKIGIGV",2,"dengue virus type 3"
"ADLSLEKAANVQWDE",8,"dengue virus type 4"
"ALTLH",8,"dengue virus type 4"
"CRRDVVDRGWGNGCGLF",4,"Dengue virus 4 Dominica/814669/1981"
"DKEMAETQHGT",2,"dengue virus type 4"
"FDSYIVIGVGNSALTLH",1,"Dengue virus 4 Dominica/814669/1981"
"FLIDGPDTSECPNERRA",1,"dengue virus type 4"
"GCVTTMAQGKPTLDFEL",4,"Dengue virus 4 Dominica/814669/1981"
"ILEENMEVEIWTREGEKKKL",1,"dengue virus type 4"
"KFQPESPARLASAILNA",1,"dengue virus type 4"
"LVLWIGTNSRNTSMAM",1,"Dengue virus 4 Dominica/814669/1981"
"MKFREGSSEVC",1,"dengue virus type 4"
"PWHLGKLEIDFGECPGTTVTIQEDCDHRGPSLRTTTASGKLVTQWC",2,"Dengue virus 4 Philippines/H241/1956"
"RCPTQGE",17,"Dengue virus 4 Philippines/H241/1956"
"RTTTASGKLVT",10,"Dengue virus 4 Philippines/H241/1956"
"SECPNERRAWNFLEVEDYGFGMFTTNIW",2,"Dengue virus 4 Philippines/H241/1956"
"SGDPLKND",8,"dengue virus type 4"
"SISNITTATRCPTQQGEPY",4,"Dengue virus 4 Dominica/814669/1981"
"TRCPTQGEPYLKEEQDQQY",4,"Dengue virus 4 Dominica/814669/1981"
"WDFGSVGGLFTSLGKAVH",4,"Dengue virus 4 Dominica/814669/1981"
"WYGMEIRPLSEKEENMV",1,"dengue virus type 4"
